Model,Accuracy,F1-Score (Macro)
Logistic Regression,0.4444444444444444,0.34444444444444444
SVM,0.3888888888888889,0.11200000000000002
Random Forest,0.3888888888888889,0.2340106951871658
XGBoost,0.3888888888888889,0.19166666666666665
